{
  "best_global_step": null,
  "best_metric": null,
  "best_model_checkpoint": null,
  "epoch": 0.6336633663366337,
  "eval_steps": 500,
  "global_step": 8,
  "is_hyper_param_search": false,
  "is_local_process_zero": true,
  "is_world_process_zero": true,
  "log_history": [
    {
      "epoch": 0.31683168316831684,
      "grad_norm": 5.156418323516846,
      "learning_rate": 5e-06,
      "logits/chosen": 0.46609142422676086,
      "logits/rejected": 1.0427974462509155,
      "logps/chosen": -220.80030822753906,
      "logps/rejected": -105.2051773071289,
      "loss": 0.6918,
      "rewards/accuracies": 0.5,
      "rewards/chosen": 0.0020180940628051758,
      "rewards/margins": 0.0028010725509375334,
      "rewards/rejected": -0.0007829784881323576,
      "step": 4
    },
    {
      "epoch": 0.6336633663366337,
      "grad_norm": 6.236671447753906,
      "learning_rate": 4.3750000000000005e-06,
      "logits/chosen": 0.30266281962394714,
      "logits/rejected": 0.9082450270652771,
      "logps/chosen": -165.18252563476562,
      "logps/rejected": -130.37783813476562,
      "loss": 0.6802,
      "rewards/accuracies": 1.0,
      "rewards/chosen": 0.013677896000444889,
      "rewards/margins": 0.026295926421880722,
      "rewards/rejected": -0.012618028558790684,
      "step": 8
    }
  ],
  "logging_steps": 4,
  "max_steps": 36,
  "num_input_tokens_seen": 0,
  "num_train_epochs": 3,
  "save_steps": 4,
  "stateful_callbacks": {
    "TrainerControl": {
      "args": {
        "should_epoch_stop": false,
        "should_evaluate": false,
        "should_log": false,
        "should_save": true,
        "should_training_stop": false
      },
      "attributes": {}
    }
  },
  "total_flos": 0.0,
  "train_batch_size": 1,
  "trial_name": null,
  "trial_params": null
}
