{
  "best_global_step": null,
  "best_metric": null,
  "best_model_checkpoint": null,
  "epoch": 1.0,
  "eval_steps": 500,
  "global_step": 17,
  "is_hyper_param_search": false,
  "is_local_process_zero": true,
  "is_world_process_zero": true,
  "log_history": [
    {
      "epoch": 0.24615384615384617,
      "grad_norm": 0.09413935244083405,
      "learning_rate": 0.0001823529411764706,
      "loss": 0.9453358054161072,
      "mean_token_accuracy": 0.7468089014291763,
      "num_tokens": 7363.0,
      "step": 4
    },
    {
      "epoch": 0.49230769230769234,
      "grad_norm": 0.1437370926141739,
      "learning_rate": 0.0001588235294117647,
      "loss": 0.9631624817848206,
      "mean_token_accuracy": 0.7716478146612644,
      "num_tokens": 14941.0,
      "step": 8
    },
    {
      "epoch": 0.7384615384615385,
      "grad_norm": 0.11163688451051712,
      "learning_rate": 0.00013529411764705884,
      "loss": 0.9964756965637207,
      "mean_token_accuracy": 0.7555483095347881,
      "num_tokens": 22308.0,
      "step": 12
    },
    {
      "epoch": 0.9846153846153847,
      "grad_norm": 0.15048521757125854,
      "learning_rate": 0.00011176470588235294,
      "loss": 0.9117611646652222,
      "mean_token_accuracy": 0.7700087241828442,
      "num_tokens": 29982.0,
      "step": 16
    }
  ],
  "logging_steps": 4,
  "max_steps": 34,
  "num_input_tokens_seen": 0,
  "num_train_epochs": 2,
  "save_steps": 17,
  "stateful_callbacks": {
    "TrainerControl": {
      "args": {
        "should_epoch_stop": false,
        "should_evaluate": false,
        "should_log": false,
        "should_save": true,
        "should_training_stop": false
      },
      "attributes": {}
    }
  },
  "total_flos": 241104615137280.0,
  "train_batch_size": 1,
  "trial_name": null,
  "trial_params": null
}
